Grupo,Asignatura,Profesor,Edificio,Salon,Lun,Mar,Mie,Jue,Vie
1CM1,FUNDAMENTOS DE PROGRAMACION,PAREDES CADENA MYRIAM NOEMI,2,202,10:30-12:00,08:30-10:00,,10:30-12:00,
1CM1,MATEMATICAS DISCRETAS,VAZQUEZ GONZALEZ LEONOR,2,202,12:00-13:30,10:30-12:00,10:30-12:00,,10:30-12:00
1CM1,CALCULO,FLORES FUENTES NARIA ADRIANA,2,202,07:00-08:30,,,07:00-08:30,08:30-10:00
1CM1,ANALISIS VECTORIAL,LOPEZ CARRERA BENJAMIN,2,202,,07:00-08:30,07:00-08:30,,07:00-08:30
1CM1,COMUNICACION ORAL Y ESCRITA,SANCHEZ MORENO ADRIANA DE LA P,2,202,08:30-10:00,,08:30-10:00,08:30-10:00,
1CM2,FUNDAMENTOS DE PROGRAMACION,FLORES MENDOZA YAXKIN,2,203,,10:30-12:00,10:30-12:00,,10:30-12:00
1CM2,MATEMATICAS DISCRETAS,SANCHEZ PALACIOS MARIA SUSANA,2,203,07:00-08:30,,12:00-13:30,07:00-08:30,08:30-10:00
1CM2,CALCULO,VAZQUEZ ARREGUIN ROBERTO,2,203,08:30-10:00,,08:30-10:00,08:30-10:00,
1CM2,ANALISIS VECTORIAL,GUZMAN AGUILAR FLORENCIO,2,203,,07:00-08:30,07:00-08:30,,07:00-08:30
1CM2,COMUNICACION ORAL Y ESCRITA,TELLEZ REYES MARIA DEL SOCORRO,2,203,10:30-12:00,08:30-10:00,,10:30-12:00,
1CM3,FUNDAMENTOS DE PROGRAMACION,AVILA SANCHEZ CRISTHIAN ALEJANDRO,2,204,,12:00-13:30,13:30-15:00,,12:00-13:30
1CM3,MATEMATICAS DISCRETAS,REYES BERMEJO TLATOANI DE JESUS,2,204,,07:00-08:30,07:00-08:30,12:00-13:30,07:00-08:30
1CM3,CALCULO,JIMENEZ CONTRERAS EDITH ADRIANA,2,204,10:30-12:00,08:30-10:00,,10:30-12:00,
1CM3,ANALISIS VECTORIAL,GONZALEZ TRUJILLO MIGUEL ANGEL,2,204,08:30-10:00,,08:30-10:00,08:30-10:00,
1CM3,COMUNICACION ORAL Y ESCRITA,SANCHEZ MORENO ADRIANA DE LA P,2,204,,10:30-12:00,10:30-12:00,,10:30-12:00
1CM4,FUNDAMENTOS DE PROGRAMACION,AVILA SANCHEZ CRISTHIAN ALEJANDRO,2,205,12:00-13:30,,12:00-13:30,12:00-13:30,
1CM4,MATEMATICAS DISCRETAS,SANCHEZ PALACIOS MARIA SUSANA,2,205,08:30-10:00,12:00-13:30,08:30-10:00,08:30-10:00,
1CM4,CALCULO,JIMENEZ CONTRERAS EDITH ADRIANA,2,205,,10:30-12:00,10:30-12:00,,10:30-12:00
1CM4,ANALISIS VECTORIAL,VAZQUEZ ARREGUIN ROBERTO,2,205,10:30-12:00,08:30-10:00,,10:30-12:00,
1CM4,COMUNICACION ORAL Y ESCRITA,CENTENO ARRAZOLA MARIA SOLEDAD,2,205,07:00-08:30,,,07:00-08:30,08:30-10:00
1CM5,FUNDAMENTOS DE PROGRAMACION,PAREDES CADENA MYRIAM NOEMI,2,206,08:30-10:00,,08:30-10:00,08:30-10:00,
1CM5,MATEMATICAS DISCRETAS,SIN ASIGNAR,2,206,10:30-12:00,,12:00-13:30,10:30-12:00,12:00-13:30
1CM5,CALCULO,GONZALEZ CISNEROS ALEJANDRO,2,206,,10:30-12:00,10:30-12:00,,10:00-12:00
1CM5,ANALISIS VECTORIAL,LOPEZ CARRERA BENJAMIN,2,206,07:00-08:30,,,07:00-08:30,08:30-10:00
1CM6,CALCULO,GONZALEZ CISNEROS ALEJANDRO,2,207,12:00-13:30,,12:00-13:30,12:00-13:30,
1CM6,ANALISIS VECTORIAL,SIN ASIGNAR,2,207,,12:00-13:30,13:30-15:00,,12:00-13:30
2CM1,ALGORITMOS Y ESTRUCTURA DE DATOS,ALBORTANTE MORATO CECILIA,2,2,07:00-08:30,,,07:00-08:30,08:30-10:00
2CM1,ALGEBRA LINEAL,MARTÍNEZ GARCÍA CÉSAR RÓMAN,2,6,13:30-15:00,13:30-15:00,,13:30-15:00,
2CM1,CALCULO APLICADO,VIVEROS VELA KARINA,2,2,08:30-10:00,,08:30-10:00,08:30-10:00,
2CM1,MECANICA Y ELECTROMAGNETISMO,MARTÍNEZ GARCÍA CÉSAR RÓMAN,2,2,12:00-13:30,12:00-13:30,12:00-13:30,12:00-13:30,
2CM1,INGENIERIA ETICA Y SOCIEDAD,SANCHEZ ARROYO JOSE EMILIO,2,2,,10:30-12:00,10:30-12:00,,10:30-12:00
2CM1,FUNDAMENTOS ECONOMICOS,CANCINO MOSQUEDA ODETTE BERENICE,2,2,10:30-12:00,08:30-10:00,,10:30-12:00,
2CM2,ALGORITMOS Y ESTRUCTURA DE DATOS,ALBORTANTE MORATO CECILIA,2,3,,07:00-08:30,07:00-08:30,,07:00-08:30
2CM2,ALGEBRA LINEAL,SALINAS HERNANDEZ ENCARNACION,2,3,08:30-10:00,,08:30-10:00,08:30-10:00,
2CM2,CALCULO APLICADO,VIVEROS VELA KARINA,2,3,10:30-12:00,08:30-10:00,,10:30-12:00,
2CM2,MECANICA Y ELECTROMAGNETISMO,GUZMAN AGUILAR FLORENCIO,2,3,07:00-08:30,12:00-13:30,,07:00-08:30,08:30-10:00
2CM2,INGENIERIA ETICA Y SOCIEDAD,FLORES DELGADO RAQUEL,2,3,12:00-13:30,,12:00-13:30,12:00-13:30,
2CM2,FUNDAMENTOS ECONOMICOS,CANCINO MOSQUEDA ODETTE BERENICE,2,3,,10:30-12:00,10:30-12:00,,10:30-12:00
2CM3,ALGORITMOS Y ESTRUCTURA DE DATOS,DE LUNA CABALLERO ROBERTO,2,4,08:30-10:00,,08:30-10:00,08:30-10:00,
2CM3,ALGEBRA LINEAL,GONZALEZ TRUJILLO MIGUEL ANGEL,2,4,10:30-12:00,08:30-10:00,,10:30-12:00,
2CM3,CALCULO APLICADO,VIVEROS VELA KARINA,2,4,,10:30-12:00,10:30-12:00,,10:30-12:00
2CM3,MECANICA Y ELECTROMAGNETISMO,HERNANDEZ VASQUEZ CESAR,2,4,,07:00-08:30,07:00-08:30,13:30-15:00,07:00-08:30
2CM3,INGENIERIA ETICA Y SOCIEDAD,VERA HERNANDEZ GUMERSINDO,2,4,07:00-08:30,,,07:00-08:30,08:30-10:00
2CM3,FUNDAMENTOS ECONOMICOS,CASTILLO MARRUFO JUAN ANTONIO,2,4,12:00-13:30,,12:00-13:30,12:00-13:30,
2CM4,ALGORITMOS Y ESTRUCTURA DE DATOS,RODRIGUEZ CASTILLO MIGUEL ANGEL,2,5,10:30-12:00,08:30-10:00,,10:30-12:00,
2CM4,ALGEBRA LINEAL,CAÑEDO SUAREZ LETICIA,2,5,,10:30-12:00,10:30-12:00,,10:30-12:00
2CM4,CALCULO APLICADO,RUIZ LEDESMA ELENA FABIOLA,2,5,12:00-13:30,,12:00-13:30,12:00-13:30,
2CM4,MECANICA Y ELECTROMAGNETISMO,MARTÍNEZ GARCÍA CÉSAR RÓMAN,2,5,08:30-10:00,,08:30-10:00,08:30-10:00,12:00-13:30
2CM4,INGENIERIA ETICA Y SOCIEDAD,VERA HERNANDEZ GUMERSINDO,2,5,,07:00-08:30,07:00-08:30,,07:00-08:30
2CM4,FUNDAMENTOS ECONOMICOS,RAMIREZ TENORIO RAFAEL,2,5,07:00-08:30,,,07:00-08:30,08:30-10:00
2CM5,ALGORITMOS Y ESTRUCTURA DE DATOS,DE LUNA CABALLERO ROBERTO,2,6,,10:30-12:00,10:30-12:00,,10:30-12:00
2CM5,ALGEBRA LINEAL,PACHUCHA HERRERA YANIRA,2,6,12:00-13:30,,12:00-13:30,12:00-13:30,
2CM5,CALCULO APLICADO,RUIZ LEDESMA ELENA FABIOLA,2,6,07:00-08:30,,,07:00-08:30,08:30-10:00
2CM5,MECANICA Y ELECTROMAGNETISMO,MIGUEL PILAR ZELIN,2,6,10:30-12:00,08:30-10:00,,10:30-12:00,12:00-13:30
2CM5,INGENIERIA ETICA Y SOCIEDAD,SANCHEZ ARROYO JOSE EMILIO,2,6,08:30-10:00,,08:30-10:00,08:30-10:00,
2CM5,FUNDAMENTOS ECONOMICOS,RAMIREZ TENORIO RAFAEL,2,6,,07:00-08:30,07:00-08:30,,07:00-08:30
2CM6,ALGORITMOS Y ESTRUCTURA DE DATOS,FRANCO MARTINEZ EDGARDO ADRIAN,2,7,12:00-13:30,,12:00-13:30,12:00-13:30,
2CM6,ALGEBRA LINEAL,MORALES GONZALEZ ANGEL,2,7,07:00-08:30,,,07:00-08:30,08:30-10:00
2CM6,CALCULO APLICADO,FLORES FUENTES NARIA ADRIANA,2,7,,07:00-08:30,07:00-08:30,,07:00-08:30
2CM6,MECANICA Y ELECTROMAGNETISMO,SIN ASIGNAR,2,7,13:30-15:00,10:30-12:00,10:30-12:00,,10:30-12:00
2CM6,INGENIERIA ETICA Y SOCIEDAD,SANCHEZ MORENO ADRIANA DE LA P,2,7,10:30-12:00,08:30-10:00,,10:30-12:00,
2CM6,FUNDAMENTOS ECONOMICOS,CASTILLO MARRUFO JUAN ANTONIO,2,7,08:30-10:00,,08:30-10:00,08:30-10:00,
2CM7,ALGORITMOS Y ESTRUCTURA DE DATOS,RUEDA MELENDEZ JOSE MARCO ANTONIO,1,202,07:00-08:30,,,07:00-08:30,08:30-10:00
2CM7,ALGEBRA LINEAL,MORALES GONZALEZ ANGEL,1,202,08:30-10:00,,08:30-10:00,08:30-10:00,
2CM7,CALCULO APLICADO,CEBALLOS SEBASTIAN RICARDO,1,202,,07:00-08:30,07:00-08:30,,07:00-08:30
2CM7,MECANICA Y ELECTROMAGNETISMO,HERNANDEZ VASQUEZ CESAR,1,202,12:00-13:30,12:00-13:30,12:00-13:30,12:00-13:30,
2CM7,INGENIERIA ETICA Y SOCIEDAD,MARTINEZ ACOSTA LILIAN,1,202,,10:30-12:00,10:30-12:00,,10:30-12:00
2CM7,FUNDAMENTOS ECONOMICOS,TORRES GONZALEZ ENRIQUE,1,202,10:30-12:00,08:30-10:00,,10:30-12:00,
2CM8,ALGORITMOS Y ESTRUCTURA DE DATOS,FRANCO MARTINEZ EDGARDO ADRIAN,1,203,,12:00-13:30,13:30-15:00,,12:00-13:30
3CM1,ANALISIS Y DISEÑO DE ALGORITMOS,SIN ASIGNAR,1,204,07:00-08:30,,,07:00-08:30,08:30-10:00
3CM1,PARADIGMAS DE PROGRAMACION,FLORES MENDOZA YAXKIN,1,204,,12:00-13:30,13:30-15:00,,12:00-13:30
3CM1,ECUACIONES DIFERENCIALES,JUAREZ RAMIREZ JAZMIN ADRIANA,1,204,10:30-12:00,08:30-10:00,,10:30-12:00,
3CM1,FUNDAMENTOS DE DISEÑO DIGITAL,DIAZ TOALA IVAN,1,204,,10:30-12:00,10:30-12:00,,10:30-12:00
3CM1,CIRCUITOS ELECTRICOS,FIGUEROA DEL PRADO FELIPE DE JESUS,1,204,08:30-10:00,,08:30-10:00,08:30-10:00,
3CM1,BASES DE DATOS,OCOTITLA ROJAS NANCY,1,204,,07:00-08:30,07:00-08:30,,07:00-08:30
3CM1,FINANZAS EMPRESARIALES,AGUSTIN DOMINGUEZ VERONICA,1,204,12:00-13:30,,12:00-13:30,12:00-13:30,
3CM2,ANALISIS Y DISEÑO DE ALGORITMOS,SIN ASIGNAR,1,205,,07:00-08:30,07:00-08:30,,07:00-08:30
3CM2,PARADIGMAS DE PROGRAMACION,TECLA PARRA ROBERTO,1,205,07:00-08:30,,,07:00-08:30,08:30-10:00
3CM2,ECUACIONES DIFERENCIALES,JUAREZ RAMIREZ JAZMIN ADRIANA,1,205,,10:30-12:00,10:30-12:00,,10:30-12:00
3CM2,FUNDAMENTOS DE DISEÑO DIGITAL,DIAZ TOALA IVAN,1,205,12:00-13:30,,12:00-13:30,12:00-13:30,
3CM2,CIRCUITOS ELECTRICOS,ORTEGA GONZALEZ RUBEN,1,205,10:30-12:00,08:30-10:00,,10:30-12:00,
3CM2,BASES DE DATOS,OCOTITLA ROJAS NANCY,1,205,08:30-10:00,,08:30-10:00,08:30-10:00,
3CM2,FINANZAS EMPRESARIALES,HERNANDEZ JAIME JOSEFINA,1,205,,12:00-13:30,13:30-15:00,,12:00-13:30
3CM3,ANALISIS Y DISEÑO DE ALGORITMOS,FRANCO MARTINEZ EDGARDO ADRIAN,1,206,08:30-10:00,,08:30-10:00,08:30-10:00,
3CM3,PARADIGMAS DE PROGRAMACION,TECLA PARRA ROBERTO,1,206,,07:00-08:30,07:00-08:30,,07:00-08:30
3CM3,ECUACIONES DIFERENCIALES,CARBALLO JIMENEZ JUAN MANUEL,1,206,12:00-13:30,,12:00-13:30,12:00-13:30,
3CM3,FUNDAMENTOS DE DISEÑO DIGITAL,LOPEZ RODRIGUEZ CLAUDIA ALEJANDRA,1,206,,12:00-13:30,13:30-15:00,,12:00-13:30
3CM3,CIRCUITOS ELECTRICOS,DURÀN CAMARILLO EDMUNDO RENÈ,1,206,07:00-08:30,,,07:00-08:30,08:30-10:00
3CM3,BASES DE DATOS,OCAMPO BOTELLO FABIOLA,1,206,10:30-12:00,08:30-10:00,,10:30-12:00,
3CM3,FINANZAS EMPRESARIALES,MENDOZA MACIAS ELBA,1,206,,10:30-12:00,10:30-12:00,,10:30-12:00
3CM4,ANALISIS Y DISEÑO DE ALGORITMOS,FRANCO MARTINEZ EDGARDO ADRIAN,1,207,10:30-12:00,08:30-10:00,,10:30-12:00,
3CM4,PARADIGMAS DE PROGRAMACION,DIAZ SANTIAGO RICARDO FELIPE,1,207,08:30-10:00,,08:30-10:00,08:30-10:00,
3CM4,ECUACIONES DIFERENCIALES,CARBALLO JIMENEZ JUAN MANUEL,1,207,,12:00-13:30,13:30-15:00,,12:00-13:30
3CM4,FUNDAMENTOS DE DISEÑO DIGITAL,HERNANDEZ SECUNDINO JOSE CELESTINO ELIAS,1,207,07:00-08:30,,,07:00-08:30,08:30-10:00
3CM4,CIRCUITOS ELECTRICOS,ALMAZAN FARFAN ROCIO,1,207,12:00-13:30,,12:00-13:30,12:00-13:30,
3CM4,BASES DE DATOS,HERNANDEZ RUBIO ERIKA,1,207,,10:30-12:00,10:30-12:00,,10:30-12:00
3CM4,FINANZAS EMPRESARIALES,RODRIGUEZ FLORES EDUARDO,1,207,,07:00-08:30,07:00-08:30,,07:00-08:30
3CM5,ANALISIS Y DISEÑO DE ALGORITMOS,ALBORTANTE MORATO CECILIA,1,209,,10:30-12:00,10:30-12:00,,10:30-12:00
3CM5,PARADIGMAS DE PROGRAMACION,DIAZ SANTIAGO SANDRA,1,209,10:30-12:00,08:30-10:00,,10:30-12:00,
3CM5,ECUACIONES DIFERENCIALES,MIGUEL PILAR ZELIN,1,209,07:00-08:30,,,07:00-08:30,08:30-10:00
3CM5,FUNDAMENTOS DE DISEÑO DIGITAL,HERNANDEZ SECUNDINO JOSE CELESTINO ELIAS,1,209,,07:00-08:30,07:00-08:30,,07:00-08:30
3CM5,CIRCUITOS ELECTRICOS,ALMAZAN FARFAN ROCIO,1,209,,12:00-13:30,13:30-15:00,,12:00-13:30
3CM5,BASES DE DATOS,RODRIGUEZ SARABIA TANIA,1,209,12:00-13:30,,12:00-13:30,12:00-13:30,
3CM6,CIRCUITOS ELECTRICOS,DURÀN CAMARILLO EDMUNDO RENÈ,1,209,,07:00-08:30,,07:00-08:30,07:00-08:30
4CM1,TEORIA DE LA COMPUTACION,SANCHEZ GARCIA LUZ MARIA,1,210,12:00-13:30,,12:00-13:30,12:00-13:30,
4CM1,PROBABILIDAD Y ESTADISTICA,HERRERA YAÑEZ CRISPIN,1,210,10:30-12:00,08:30-10:00,,10:30-12:00,
4CM1,MATEMATICAS AVANZADAS PARA LA INGENIERIA,CERVANTES ESPINOSA LUIS MOCTEZUMA,1,210,08:30-10:00,,08:30-10:00,08:30-10:00,
4CM1,DISEÑO DE SISTEMAS DIGITALES,MUJICA ASCENCIO CESAR,1,210,07:00-08:30,,,07:00-08:30,08:30-10:00
4CM1,ELECTRONICA ANALOGICA,CANCINO CALDERON SERGIO,1,210,,07:00-08:30,07:00-08:30,,07:00-08:30
4CM1,TECNOLOGIAS PARA DESARROLLO DE APLICACIONES WEB,PEREDO VALDERRAMA RUBEN,1,210,,12:00-13:30,13:30-15:00,,12:00-13:30
4CM1,SISTEMAS OPERATIVOS,PEREZ DE LOS SANTOS MONDRAGON TANIBET,1,210,,10:30-12:00,10:30-12:00,,10:30-12:00
4CM2,TEORIA DE LA COMPUTACION,JUAREZ MARTINEZ GENARO,1,211,,12:00-13:30,13:30-15:00,,12:00-13:30
4CM2,PROBABILIDAD Y ESTADISTICA,HERRERA YAÑEZ CRISPIN,1,211,,10:30-12:00,10:30-12:00,,10:30-12:00
4CM2,MATEMATICAS AVANZADAS PARA LA INGENIERIA,CHAVEZ LIMA EDUARDO,1,211,10:30-12:00,08:30-10:00,,10:30-12:00,
4CM2,DISEÑO DE SISTEMAS DIGITALES,TESTA NAVA ALEXIS,1,211,,07:00-08:30,07:00-08:30,,07:00-08:30
4CM2,ELECTRONICA ANALOGICA,MARTINEZ DIAZ JUAN CARLOS,1,211,08:30-10:00,,08:30-10:00,08:30-10:00,
4CM2,TECNOLOGIAS PARA DESARROLLO DE APLICACIONES WEB,SIN ASIGNAR,1,211,07:00-08:30,,,07:00-08:30,08:30-10:00
4CM2,SISTEMAS OPERATIVOS,JIMENEZ BENITEZ JOSE ALFREDO,1,211,12:00-13:30,,12:00-13:30,12:00-13:30,
4CM3,TEORIA DE LA COMPUTACION,AGUILAR GARCIA RAFAEL,1,212,07:00-08:30,,,07:00-08:30,08:30-10:00
4CM3,PROBABILIDAD Y ESTADISTICA,CAÑEDO SUAREZ LETICIA,1,212,12:00-13:30,,12:00-13:30,12:00-13:30,
4CM3,MATEMATICAS AVANZADAS PARA LA INGENIERIA,RIOS DE LA TORRE IGNACIO,1,212,,10:30-12:00,10:30-12:00,,10:30-12:00
4CM3,DISEÑO DE SISTEMAS DIGITALES,MUJICA ASCENCIO CESAR,1,212,08:30-10:00,,08:30-10:00,08:30-10:00,
4CM3,ELECTRONICA ANALOGICA,MARTINEZ DIAZ JUAN CARLOS,1,212,10:30-12:00,08:30-10:00,,10:30-12:00,
4CM3,TECNOLOGIAS PARA DESARROLLO DE APLICACIONES WEB,CIFUENTES ALVAREZ ALEJANDRO SIGFRIDO,1,212,,07:00-08:30,07:00-08:30,,07:00-08:30
4CM3,SISTEMAS OPERATIVOS,ARAUJO DIAZ DAVID,1,212,,12:00-13:30,13:30-15:00,,12:00-13:30
4CM4,TEORIA DE LA COMPUTACION,AGUILAR GARCIA RAFAEL,1,213,,07:00-08:30,07:00-08:30,,07:00-08:30
4CM4,PROBABILIDAD Y ESTADISTICA,PACHUCHA HERRERA YANIRA,1,213,,12:00-13:30,13:30-15:00,,12:00-13:30
4CM4,MATEMATICAS AVANZADAS PARA LA INGENIERIA,RIOS DE LA TORRE IGNACIO,1,213,12:00-13:30,,12:00-13:30,12:00-13:30,
4CM4,DISEÑO DE SISTEMAS DIGITALES,LOPEZ RODRIGUEZ CLAUDIA ALEJANDRA,1,213,10:30-12:00,08:30-10:00,,10:30-12:00,
4CM4,ELECTRONICA ANALOGICA,CARRANZA CASTILLO OSCAR,1,213,,10:30-12:00,10:30-12:00,,10:30-12:00
4CM4,TECNOLOGIAS PARA DESARROLLO DE APLICACIONES WEB,ESCAMILLA MIRANDA PATRICIA,1,213,08:30-10:00,,08:30-10:00,08:30-10:00,
4CM4,SISTEMAS OPERATIVOS,CORTES GALICIA JORGE,1,213,07:00-08:30,,,07:00-08:30,08:30-10:00
4CM5,DISEÑO DE SISTEMAS DIGITALES,LOPEZ RODRIGUEZ CLAUDIA ALEJANDRA,1,214,,10:30-12:00,10:30-12:00,,10:30-12:00
4CM5,ELECTRONICA ANALOGICA,CARRANZA CASTILLO OSCAR,1,214,12:00-13:30,,12:00-13:30,12:00-13:30,
4CM5,TECNOLOGIAS PARA DESARROLLO DE APLICACIONES WEB,ESCAMILLA MIRANDA PATRICIA,1,214,10:30-12:00,08:30-10:00,,10:30-12:00,
4CM5,SISTEMAS OPERATIVOS,CORTES GALICIA JORGE,1,214,,07:00-08:30,07:00-08:30,,07:00-08:30
5CM1,COMPILADORES,ORTIGOZA CAMPOS M. en C. ANDRES,1,110,08:30-10:00,,08:30-10:00,08:30-10:00,
5CM1,PROCESAMIENTO DIGITAL DE SEÑALES,CASTILLO CABRERA GELACIO,1,110,12:00-13:30,,12:00-13:30,12:00-13:30,
5CM1,ARQUITECTURA DE COMPUTADORAS,LINARES VALLEJO ERICK EUGENIO,1,110,,07:00-08:30,07:00-08:30,,07:00-08:30
5CM1,INSTRUMENTACION Y CONTROL,ORTEGA GONZALEZ RUBEN,1,110,,10:30-12:00,10:30-12:00,,10:30-12:00
5CM1,ANALISIS Y DISEÑO DE SISTEMAS,PEREDO VALDERRAMA RUBEN,1,110,07:00-08:30,,,07:00-08:30,08:30-10:00
5CM1,FORMULACION Y EVALUACION DE PROYECTOS INFORMATICOS,AGUSTIN DOMINGUEZ VERONICA,1,110,10:30-12:00,08:30-10:30,,10:30-12:00,
5CM1,REDES DE COMPUTADORAS,CORTEZ DUARTE NIDIA ASUNCIÓN,1,110,,12:00-13:30,13:30-15:00,,12:00-13:30
5CM2,COMPILADORES,ALBORTANTE MORATO CECILIA,1,111,10:30-12:00,08:30-10:00,,10:30-12:00,
5CM2,PROCESAMIENTO DIGITAL DE SEÑALES,GUTIERREZ ALDANA EDUARDO,1,111,,12:00-13:30,13:30-15:00,,12:00-13:30
5CM2,ARQUITECTURA DE COMPUTADORAS,PASTRANA FERNANDEZ CARLOS JESUS,1,111,08:30-10:00,,08:30-10:00,08:30-10:00,
5CM2,INSTRUMENTACION Y CONTROL,ROCHA BERNABE ROSARIO,1,111,12:00-13:30,,12:00-13:30,12:00-13:30,
5CM2,ANALISIS Y DISEÑO DE SISTEMAS,MALDONADO CASTILLO IDALIA,1,111,,07:00-08:30,07:00-08:30,,07:00-08:30
5CM2,FORMULACION Y EVALUACION DE PROYECTOS INFORMATICOS,AGUSTIN DOMINGUEZ VERONICA,1,111,,10:30-12:00,10:30-12:00,,10:30-12:00
5CM2,REDES DE COMPUTADORAS,SANCHEZ QUINTANILLA GILBERTO,1,111,07:00-08:30,,,07:00-08:30,08:30-10:00
5CM3,COMPILADORES,SIN ASIGNAR,1,112,,10:30-12:00,10:30-12:00,,10:30-12:00
5CM3,ARQUITECTURA DE COMPUTADORAS,CASTILLO CABRERA GELACIO,1,112,10:30-12:00,08:30-10:00,,10:00-12:00,
5CM3,FORMULACION Y EVALUACION DE PROYECTOS INFORMATICOS,RODRIGUEZ FLORES EDUARDO,1,112,12:00-13:30,,12:00-13:30,12:00-13:30,
5CM3,REDES DE COMPUTADORAS,SANCHEZ QUINTANILLA GILBERTO,1,111,,07:00-08:30,07:00-08:30,,07:00-08:30
5CM4,COMPILADORES,ALBORTANTE MORATO CECILIA,1,113,12:00-13:30,,12:00-13:30,12:00-13:30,
5CM4,PROCESAMIENTO DIGITAL DE SEÑALES,MUJICA ASCENCIO CESAR,1,113,,07:00-08:30,07:00-08:30,,07:00-08:30
5CM4,ARQUITECTURA DE COMPUTADORAS,PASTRANA FERNANDEZ CARLOS JESUS,1,113,,10:30-12:00,10:30-12:00,,10:30-12:00
5CM4,INSTRUMENTACION Y CONTROL,ALCANTARA MENDEZ ALBERTO JESUS,1,113,07:00-08:30,,,07:00-08:30,08:30-10:00
5CM4,ANALISIS Y DISEÑO DE SISTEMAS,CORDERO LOPEZ MARTHA ROSA,1,113,10:30-12:00,08:30-10:00,,10:30-12:00,
5CM4,FORMULACION Y EVALUACION DE PROYECTOS INFORMATICOS,GUZMAN FLORES JESSIE PAULINA,1,113,,12:00-13:30,13:30-15:00,,12:00-13:30
5CM4,REDES DE COMPUTADORAS,ALCARAZ TORRES JUAN JESUS,1,113,08:30-10:00,,08:30-10:00,08:30-10:00,
6CM1,INTELIGENCIA ARTIFICIAL,AGUILAR VELAZQUEZ DANIEL,1,114,,07:00-08:30,07:00-08:30,,07:00-08:30
6CM1,SISTEMAS EN CHIP,MUJICA ASCENCIO CESAR,1,114,,12:00-13:30,13:30-15:00,,12:00-13:30
6CM1,METODOS CUANTITATIVOS PARA LA TOMA DE DECISIONES,LOPEZ ROJAS ARIEL,1,114,10:30-12:00,08:30-10:00,,10:30-12:00,
6CM1,GOBIERNO DE TI|COMPUTER SECURITY,HERNANDEZ AVILES FERNANDO DANTE,1,114,12:00-13:30,,12:00-13:30,12:00-13:30,
6CM1,CRIPTOGRAFIA|INTRODUCTION TO CRYPTOGRAPHY,CORTEZ DUARTE NIDIA ASUNCIÓN,1,114,,10:30-12:00,10:30-12:00,,10:30-12:00
6CM1,INGENIERIA DE SOFTWARE,CORDERO LOPEZ MARTHA ROSA,1,114,08:30-10:00,,08:30-10:00,08:30-10:00,
6CM1,APLICACIONES PARA COMUNICACIONES EN RED,MORENO CERVANTES AXEL ERNESTO,1,114,07:00-08:30,,,07:00-08:30,08:30-10:00
6CM2,INTELIGENCIA ARTIFICIAL,ROMERO HERRERA RODOLFO,1,7,08:30-10:00,,08:30-10:00,08:30-10:00,
6CM2,SISTEMAS EN CHIP,LINARES VALLEJO ERICK EUGENIO,1,7,07:00-08:30,,,07:00-08:30,08:30-10:00
6CM2,METODOS CUANTITATIVOS PARA LA TOMA DE DECISIONES,LOPEZ ROJAS ARIEL,1,7,,10:30-12:00,10:30-12:00,,10:30-12:00
6CM2,BIG DATA|NON-RELATIONAL DATABASES,BOTELLO CASTILLO ALEJANDRO,1,7,,12:00-13:30,13:30-15:00,,12:00-13:30
6CM2,DES. DE APLIC|SOFTWARE QUALLITY ASSURANCE AND DESING PATTERNS,CORDERO LOPEZ MARTHA ROSA,1,7,12:00-13:30,,12:00-13:30,12:00-13:30,
6CM2,INGENIERIA DE SOFTWARE,DORANTES GONZALEZ MARCO ANTONIO,1,7,10:30-12:00,08:30-10:00,,10:30-12:00,
6CM2,APLICACIONES PARA COMUNICACIONES EN RED,MORENO CERVANTES AXEL ERNESTO,1,7,,07:00-08:30,07:00-08:30,,07:00-08:30
6CM3,INTELIGENCIA ARTIFICIAL,LOPEZ RUIZ GABRIELA DE JESUS,1,11,10:30-12:00,08:30-10:00,,10:30-12:00,
6CM3,SISTEMAS EN CHIP,AGUILAR SANCHEZ FERNANDO,1,11,,07:00-08:30,07:00-08:30,,07:00-08:30
6CM3,METODOS CUANTITATIVOS PARA LA TOMA DE DECISIONES,MARTINEZ PERALES JOSE CRUZ,1,11,12:00-13:30,,12:00-13:30,12:00-13:30,
6CM3,PROC. DE LENG. NAT|MACHINE LEARNING,SIN ASIGNAR,1,11,,12:00-13:30,13:30-15:00,,12:00-13:30
6CM3,INGENIERIA DE SOFTWARE,DORANTES GONZALEZ MARCO ANTONIO,1,11,,10:30-12:00,10:30-12:00,,10:30-12:00
6CM3,APLICACIONES PARA COMUNICACIONES EN RED,PEREZ DE LOS SANTOS MONDRAGON TANIBET,1,11,08:30-10:00,,08:30-10:00,08:30-10:00,
7CM1,TRABAJO TERMINAL I,SIN ASIGNAR,X,X,,10:30-12:00,10:30-12:00,,10:30-12:00
7CM1,SISTEMAS DISTRIBUIDOS,CARRETO ARELLANO CHADWICK,1,12,07:00-08:30,,,07:00-08:30,08:30-10:00
7CM1,PROC. DE LENG|NATURAL LANGUAGE PROCESSING,JUAREZ GAMBINO JOEL OMAR,1,12,,12:00-13:30,13:30-15:00,,12:00-13:30
7CM1,ALGORITMOS BIOINSPIRADOS|BIOINFORMATICS,ROSAS TRIGUEROS JORGE LUIS,1,12,12:00-13:30,,12:00-13:30,12:00-13:30,
7CM1,DESARROLLO DE APLICACIONES MOVILES NATIVAS,ENRIQUEZ ZARATE M. en C. JOSE ASUNCION,1,12,10:30-12:00,08:30-10:00,,10:30-12:00,
7CM1,ADMINISTRACION DE SERVICIOS EN RED,SIN ASIGNAR,1,12,08:30-10:00,,08:30-10:00,08:30-10:00,
7CM2,MINERIA DE DATOS|DATA MINING,OCAMPO BOTELLO FABIOLA,2,209,13:30-15:00,13:30-15:00,,13:30-15:00,
7CM2,GOBIERNO DE TI|IT GOVERNANCE,SIN ASIGNAR,1,13,08:30-10:00,,08:30-10:00,08:30-10:00,
7CM2,CRIPTOGRAFIA|SELECTED TOPICS IN CRYPTOGRAPHY,DIAZ SANTIAGO SANDRA,1,13,,12:00-13:30,13:30-15:00,,12:00-13:30
1CV1,FUNDAMENTOS DE PROGRAMACION,GUTIERREZ GARCIA JUAN JESUS,2,202,18:30-20:00,16:30-18:00,,18:30-20:00,
1CV1,MATEMATICAS DISCRETAS,BUITRON DAMASO ISRAEL,2,202,20:00-21:30,18:30-20:00,18:30-20:00,,18:30-20:00
1CV1,CALCULO,SOLORZA GUZMAN MISAEL,2,202,,15:00-16:30,15:00-16:30,,15:00-16:30
1CV1,ANALISIS VECTORIAL,LEVARIO MEDINA SERGIO,2,202,15:00-16:30,,,15:00-16:30,16:30-18:00
1CV1,COMUNICACION ORAL Y ESCRITA,PEREZ VERA MONSERRAT GABRIELA,2,202,16:30-18:00,,16:30-18:00,16:30-18:00,
1CV2,FUNDAMENTOS DE PROGRAMACION,MORALES RODRIGUEZ URSULA SAMANTHA,2,203,,18:30-20:00,18:30-20:00,,18:30-20:00
1CV2,MATEMATICAS DISCRETAS,MONTIEL SANCHEZ ANGEL SALVADOR,2,203,15:00-16:30,,13:30-15:00,15:00-16:30,16:30-18:00
1CV2,CALCULO,SOLORZA GUZMAN MISAEL,2,203,16:30-18:00,,16:30-18:00,16:30-18:00,
1CV2,ANALISIS VECTORIAL,ORTUÑO ARAUJO JESUS,2,203,,15:00-16:30,15:00-16:30,,15:00-16:30
1CV2,COMUNICACION ORAL Y ESCRITA,LAZCANO XOXOTLA LAURA,2,203,18:30-20:00,16:30-18:00,,18:30-20:00,
1CV3,FUNDAMENTOS DE PROGRAMACION,JUÁREZ MÉNDEZ ANA BELEM,2,204,15:00-16:30,,,15:00-16:30,16:30-18:00
1CV3,MATEMATICAS DISCRETAS,PACHUCHA HERRERA YANIRA,2,204,,15:00-16:30,15:00-16:30,13:30-15:00,15:00-16:30
1CV3,CALCULO,JURADO JIMENEZ ROBERTO,2,204,18:30-20:00,16:30-18:00,,18:30-20:00,
1CV3,ANALISIS VECTORIAL,ORTUÑO ARAUJO JESUS,2,204,16:30-18:00,,16:30-18:00,16:30-18:00,
1CV3,COMUNICACION ORAL Y ESCRITA,LAZCANO XOXOTLA LAURA,2,204,,18:30-20:00,18:30-20:00,,18:30-20:00
1CV4,FUNDAMENTOS DE PROGRAMACION,FLORES MENDOZA YAXKIN,2,205,,15:00-16:30,15:00-16:30,,15:00-16:30
1CV4,MATEMATICAS DISCRETAS,SIN ASIGNAR,2,205,16:30-18:00,13:30-15:00,16:30-18:00,16:30-18:00,
1CV4,CALCULO,JURADO JIMENEZ ROBERTO,2,205,,18:30-20:00,18:30-20:00,,18:30-20:00
1CV4,ANALISIS VECTORIAL,MANZANILLA GRANADOS HECTOR MANUEL,2,205,18:30-20:00,16:30-18:00,,18:30-20:00,
1CV4,COMUNICACION ORAL Y ESCRITA,PEREZ VERA SANDRA MERCEDES,2,205,15:00-16:30,,,15:00-16:30,16:30-18:00
1CV5,FUNDAMENTOS DE PROGRAMACION,SANTILLAN LUNA RAUL,2,206,16:30-18:00,,16:30-18:00,16:30-18:00,
1CV5,MATEMATICAS DISCRETAS,BUITRON DAMASO ISRAEL,2,206,18:30-20:00,20:00-21:30,20:00-21:30,18:30-20:00,
1CV5,CALCULO,LEON HERNANDEZ MIGUEL ABEL,2,206,15:00-16:30,,,15:00-16:30,16:30-18:00
1CV5,ANALISIS VECTORIAL,MANZANILLA GRANADOS HECTOR MANUEL,2,206,,18:30-20:00,18:30-20:00,,18:30-20:00
1CV5,COMUNICACION ORAL Y ESCRITA,LOYOLA ESPINOSA ARACELI,2,206,,16:30-18:00,15:00-16:30,,15:00-16:30
1CV6,MATEMATICAS DISCRETAS,SANTIAGO VALENTIN ERIC,2,207,16:30-18:00,16:30-18:00,16:30-18:00,16:30-18:00,
1CV6,CALCULO,LEVARIO MEDINA SERGIO,2,207,,15:00-16:30,15:00-16:30,,15:00-16:30
1CV6,ANALISIS VECTORIAL,SALAZAR RAMIREZ MANUEL,2,207,15:00-16:30,,,15:00-16:30,16:30-18:00
2CV1,ALGORITMOS Y ESTRUCTURA DE DATOS,CRUZ GARCIA DANIEL,2,2,15:00-16:30,,,15:00-16:30,16:30-18:00
2CV1,ALGEBRA LINEAL,TIRADO LULE JUDITH MARGARITA,2,2,,15:00-16:30,15:00-16:30,,15:00-16:30
2CV1,CALCULO APLICADO,SIN ASIGNAR,2,2,13:30-15:00,13:30-15:00,,13:30-15:00,
2CV1,MECANICA Y ELECTROMAGNETISMO,AVILA SANCHEZ CRISTHIAN ALEJANDRO,2,2,16:30-18:00,,16:30-18:00,16:30-18:00,13:30-15:00
2CV1,INGENIERIA ETICA Y SOCIEDAD,GONZALEZ ALBARRAN GISELA,2,2,,18:30-20:00,18:30-20:00,,18:30-20:00
2CV1,FUNDAMENTOS ECONOMICOS,VILLEGAS NAVARRETE SONIA,2,2,18:30-20:00,16:30-18:00,,18:30-20:00,
2CV2,ALGORITMOS Y ESTRUCTURA DE DATOS,CRUZ GARCIA DANIEL,2,3,,15:00-16:30,15:00-16:30,,15:00-16:30
2CV2,ALGEBRA LINEAL,NAVA LARA JOEL,2,3,16:30-18:00,,16:30-18:00,16:30-18:00,
2CV2,CALCULO APLICADO,JUAREZ LEON CARLOS,2,3,18:30-20:00,16:30-18:00,,18:30-20:00,
2CV2,MECANICA Y ELECTROMAGNETISMO,AVILA SANCHEZ CRISTHIAN ALEJANDRO,2,3,15:00-16:30,13:30-15:00,,15:00-16:30,16:30-18:00
2CV2,INGENIERIA ETICA Y SOCIEDAD,HERNANDEZ GARCIA ROSA ALBA,2,3,20:00-21:30,,20:00-21:30,20:00-21:30,
2CV2,FUNDAMENTOS ECONOMICOS,VILLEGAS NAVARRETE SONIA,2,3,,18:30-20:00,18:30-20:00,,18:30-20:00
2CV3,ALGORITMOS Y ESTRUCTURA DE DATOS,RAMIREZ ROMERO TONAHTIU ARTURO,2,7,16:30-18:00,,16:30-18:00,16:30-18:00,
2CV3,ALGEBRA LINEAL,ORTUÑO ARAUJO JESUS,2,7,18:30-20:00,16:30-18:00,,18:30-20:00,
2CV3,CALCULO APLICADO,JUAREZ LEON CARLOS,2,7,,18:30-20:00,18:30-20:00,,18:30-20:00
2CV3,MECANICA Y ELECTROMAGNETISMO,ZARATE CARDENAS ALEJANDRO,2,7,,15:00-16:30,15:00-16:30,13:30-15:00,15:00-16:30
2CV3,INGENIERIA ETICA Y SOCIEDAD,WINFIELD REYES ANA MARIA,2,7,15:00-16:30,,,15:00-16:30,16:30-18:00
2CV3,FUNDAMENTOS ECONOMICOS,CABRERA CHAVEZ GLORIA LOURDES,2,7,20:00-21:30,,20:00-21:30,20:00-21:30,
2CV4,ALGORITMOS Y ESTRUCTURA DE DATOS,MOSCOSO MALAGON YOSAFAT,2,5,18:30-20:00,16:30-18:00,,18:30-20:00,
2CV4,ALGEBRA LINEAL,TIRADO LULE JUDITH MARGARITA,2,5,,18:30-20:00,18:30-20:00,,18:30-20:00
2CV4,CALCULO APLICADO,MANZANILLA GRANADOS HECTOR MANUEL,2,5,20:00-21:30,,20:00-21:30,20:00-21:30,
2CV4,MECANICA Y ELECTROMAGNETISMO,MANZANILLA GRANADOS HECTOR MANUEL,2,5,16:30-18:00,13:30-15:00,16:30-18:00,16:30-18:00,
2CV4,INGENIERIA ETICA Y SOCIEDAD,SOSA ADAN FANNY,2,5,,15:00-16:30,15:00-16:30,,15:00-16:30
2CV4,FUNDAMENTOS ECONOMICOS,MARTINEZ PERALES JOSE CRUZ,2,5,15:00-16:30,,,15:00-16:30,16:30-18:00
2CV5,ALGORITMOS Y ESTRUCTURA DE DATOS,GUTIERREZ GARCIA JUAN JESUS,2,6,,18:30-20:00,18:30-20:00,,18:30-20:00
2CV5,ALGEBRA LINEAL,LOPEZ SANCHEZ JOSE MANUEL,2,6,20:00-21:30,,20:00-21:30,20:00-21:30,
2CV5,CALCULO APLICADO,ZARATE CARDENAS ALEJANDRO,2,6,15:00-16:30,,,15:00-16:30,16:30-18:00
2CV5,MECANICA Y ELECTROMAGNETISMO,ESQUIVEL CENTENO JOSE ARMANDO,2,6,18:30-20:00,16:30-18:00,13:30-15:00,18:30-20:00,
2CV5,INGENIERIA ETICA Y SOCIEDAD,SIN ASIGNAR,2,6,16:30-18:00,,16:30-18:00,16:30-18:00,
2CV5,FUNDAMENTOS ECONOMICOS,JIMENEZ GALAN YASMIN IVETTE,2,6,,15:00-16:30,15:00-16:30,,15:00-16:30
2CV6,ALGORITMOS Y ESTRUCTURA DE DATOS,GUTIERREZ GARCIA JUAN JESUS,2,4,20:00-21:30,,20:00-21:30,20:00-21:30,
2CV6,ALGEBRA LINEAL,NAVA LARA JOEL,2,4,15:00-16:30,,,15:00-16:30,16:30-18:00
2CV6,CALCULO APLICADO,LOPEZ SANCHEZ JOSE MANUEL,2,4,,18:30-20:00,18:30-20:00,,18:30-20:00
2CV6,MECANICA Y ELECTROMAGNETISMO,SIN ASIGNAR,2,4,13:30-15:00,15:00-16:30,15:00-16:30,,15:00-16:30
2CV6,INGENIERIA ETICA Y SOCIEDAD,CRUZ LAZARO ING. APOLINAR FRANCISCO,2,4,18:30-20:00,16:30-18:00,,18:30-20:00,
2CV6,FUNDAMENTOS ECONOMICOS,FLORES DELGADO RAQUEL,2,4,16:30-18:00,,16:30-18:00,16:30-18:00,
2CV7,ALGORITMOS Y ESTRUCTURA DE DATOS,RAMIREZ ROMERO TONAHTIU ARTURO,1,202,15:00-16:30,,,15:00-16:30,16:30-18:00
2CV7,ALGEBRA LINEAL,SIN ASIGNAR,1,202,,15:00-16:30,15:00-16:30,,15:00-16:30
2CV7,CALCULO APLICADO,ZARATE CARDENAS ALEJANDRO,1,202,16:30-18:00,,16:30-18:00,16:30-18:00,
2CV7,MECANICA Y ELECTROMAGNETISMO,ESQUIVEL CENTENO JOSE ARMANDO,1,202,20:00-21:30,13:30-15:00,20:00-21:30,20:00-21:30,
2CV7,INGENIERIA ETICA Y SOCIEDAD,SIN ASIGNAR,1,202,,18:30-20:00,18:30-20:00,,18:30-20:00
2CV7,FUNDAMENTOS ECONOMICOS,ESTRADA ELIZALDE SERAFIN,1,202,18:30-20:00,16:30-18:00,,18:30-20:00,
2CV8,ALGORITMOS Y ESTRUCTURA DE DATOS,CRUZ GARCIA DANIEL,1,214,,13:30-15:00,,13:30-15:00,13:30-15:00
2CV8,MECANICA Y ELECTROMAGNETISMO,SIN ASIGNAR,1,214,15:00-16:30,,13:30-15:00,15:00-16:30,16:30-18:00
3CV1,ANALISIS Y DISEÑO DE ALGORITMOS,SAUCEDO DELGADO RAFAEL NORMAN,1,204,15:00-16:30,,,15:00-16:30,16:30-18:00
3CV1,PARADIGMAS DE PROGRAMACION,GARCIA SALES JUAN VICENTE,1,204,13:30-15:00,13:30-15:00,,13:30-15:00,
3CV1,ECUACIONES DIFERENCIALES,ZARATE CARDENAS ALEJANDRO,1,204,18:30-20:00,16:30-18:00,,18:30-20:00,
3CV1,FUNDAMENTOS DE DISEÑO DIGITAL,BARRON VERA JOSUE EMANUEL,1,204,,18:30-20:00,18:30-20:00,,18:30-20:00
3CV1,CIRCUITOS ELECTRICOS,MARTINEZ GUERRERO JOSE ALFREDO,1,204,16:30-18:00,,16:30-18:00,16:30-18:00,
3CV1,BASES DE DATOS,BLANCO ALMAZAN IVAN EDUARDO,1,204,20:00-21:30,,20:00-21:30,20:00-21:30,
3CV1,FINANZAS EMPRESARIALES,FLORES DELGADO RAQUEL,1,204,,15:00-16:30,15:00-16:30,,15:00-16:30
3CV2,ANALISIS Y DISEÑO DE ALGORITMOS,DIAZ SANTIAGO SANDRA,1,205,,15:00-16:30,15:00-16:30,,15:00-16:30
3CV2,PARADIGMAS DE PROGRAMACION,SANCHEZ BRITO MIGUEL,1,205,15:00-16:30,,,15:00-16:30,16:30-18:00
3CV2,ECUACIONES DIFERENCIALES,ZARATE CARDENAS ALEJANDRO,1,205,,18:30-20:00,18:30-20:00,,18:30-20:00
3CV2,FUNDAMENTOS DE DISEÑO DIGITAL,LOPEZ LEYVA LUIS OCTAVIO,1,205,20:00-21:30,,20:00-21:30,20:00-21:30,
3CV2,CIRCUITOS ELECTRICOS,VAZQUEZ ORTIZ MIJAIL,1,205,18:30-20:00,16:30-18:00,,18:30-20:00,
3CV2,FINANZAS EMPRESARIALES,JIMENEZ GALAN YASMIN IVETTE,1,205,13:30-15:00,13:30-15:00,,13:30-15:00,
3CV3,ANALISIS Y DISEÑO DE ALGORITMOS,SANCHEZ BRITO MIGUEL,1,206,16:30-18:00,,16:30-18:00,16:30-18:00,
3CV3,PARADIGMAS DE PROGRAMACION,GARCIA SALES JUAN VICENTE,1,206,,15:00-16:30,15:00-16:30,,15:00-16:30
3CV3,ECUACIONES DIFERENCIALES,SIN ASIGNAR,1,206,20:00-21:30,,20:00-21:30,20:00-21:30,
3CV3,FUNDAMENTOS DE DISEÑO DIGITAL,DIAZ TOALA IVAN,1,206,13:30-15:00,13:30-15:00,,13:30-15:00,
3CV3,CIRCUITOS ELECTRICOS,VAZQUEZ ORTIZ MIJAIL,1,206,,18:30-20:00,18:30-20:00,,18:30-20:00
3CV3,BASES DE DATOS,SALINAS LUGO SERGIO,1,206,18:30-20:00,16:30-18:00,,18:30-20:00,
3CV3,FINANZAS EMPRESARIALES,RODRIGUEZ ORDAZ MARISOL,1,206,15:00-16:30,,,15:00-16:30,16:30-18:30
3CV4,ANALISIS Y DISEÑO DE ALGORITMOS,RIVERA DE LA ROSA MONICA,1,207,18:30-20:00,16:30-18:00,,18:30-20:00,
3CV4,PARADIGMAS DE PROGRAMACION,DE LA O TORRES SAUL,1,207,16:30-18:00,,16:30-18:00,16:30-18:00,
3CV4,ECUACIONES DIFERENCIALES,SILVA MARTINEZ JORGE JAVIER,1,207,13:30-15:00,13:30-15:00,,13:30-15:00,
3CV4,FUNDAMENTOS DE DISEÑO DIGITAL,DIAZ TOALA IVAN,1,207,15:00-16:30,,,15:00-16:30,16:30-18:00
3CV4,BASES DE DATOS,BLANCO ALMAZAN IVAN EDUARDO,1,207,,18:30-20:00,18:30-20:00,,18:30-20:00
3CV4,FINANZAS EMPRESARIALES,ESTRADA ELIZALDE SERAFIN,1,207,,15:00-16:30,15:00-16:30,,15:00-16:30
3CV5,ANALISIS Y DISEÑO DE ALGORITMOS,SANCHEZ BRITO MIGUEL,1,209,,18:30-20:00,18:30-20:00,,18:30-20:00
3CV5,PARADIGMAS DE PROGRAMACION,DE LA O TORRES SAUL,1,209,18:30-20:00,16:30-18:00,,18:30-20:00,
3CV5,ECUACIONES DIFERENCIALES,SILVA MARTINEZ JORGE JAVIER,1,209,15:00-16:30,15:00-16:30,,16:30-18:00,
3CV5,CIRCUITOS ELECTRICOS,CANCINO CALDERON SERGIO,1,209,13:30-15:00,13:30-15:00,,13:30-15:00,
4CV1,TEORIA DE LA COMPUTACION,MOSCOSO MALAGON YOSAFAT,1,210,20:00-21:30,,20:00-21:30,20:00-21:30,
4CV1,PROBABILIDAD Y ESTADISTICA,MONTIEL SANCHEZ ANGEL SALVADOR,1,210,16:30-18:00,,16:30-18:00,16:30-18:00,
4CV1,MATEMATICAS AVANZADAS PARA LA INGENIERIA,FLORES MERAZ YESICA SONIA,1,210,18:30-20:00,16:30-18:00,,18:30-20:00,
4CV1,DISEÑO DE SISTEMAS DIGITALES,MUJICA ASCENCIO CESAR,1,210,13:30-15:00,13:30-15:00,,13:30-15:00,
4CV1,ELECTRONICA ANALOGICA,MARTINEZ GUERRERO JOSE ALFREDO,1,210,,15:00-16:30,15:00-16:30,,15:00-16:30
4CV1,TECNOLOGIAS PARA DESARROLLO DE APLICACIONES WEB,MORALES GUITRON SANDRA LUZ,1,210,15:00-16:30,,,15:00-16:30,16:30-18:00
4CV1,SISTEMAS OPERATIVOS,SALAS RAMIREZ ISRAEL,1,210,,18:30-20:00,18:30-20:00,,18:30-20:00
4CV2,TEORIA DE LA COMPUTACION,LUNA BENOSO BENJAMIN,1,211,13:30-15:00,13:30-15:00,,13:30-15:00,
4CV2,PROBABILIDAD Y ESTADISTICA,CRUZ ROJAS JORGE ALBERTO,1,211,,18:30-20:00,18:30-20:00,,18:30-20:00
4CV2,MATEMATICAS AVANZADAS PARA LA INGENIERIA,CRUZ ROJAS JORGE ALBERTO,1,211,18:30-20:00,16:30-18:00,,18:30-20:00,
4CV2,DISEÑO DE SISTEMAS DIGITALES,VEGA GARCIA NAYELI,1,211,,15:00-16:30,15:00-16:30,,15:00-16:30
4CV2,ELECTRONICA ANALOGICA,HERNANDEZ AGUILAR JOSE LUIS,1,211,16:30-18:00,,16:30-18:00,16:30-18:00,
4CV2,TECNOLOGIAS PARA DESARROLLO DE APLICACIONES WEB,SIN ASIGNAR,1,211,15:00-16:30,,,15:00-16:30,16:30-18:00
4CV2,SISTEMAS OPERATIVOS,SALAS RAMIREZ ISRAEL,1,211,20:00-21:30,,20:00-21:30,20:00-21:30,
4CV3,TEORIA DE LA COMPUTACION,LUNA BENOSO BENJAMIN,1,212,15:00-16:30,,,15:00-16:30,16:30-18:00
4CV3,PROBABILIDAD Y ESTADISTICA,CRUZ ROJAS JORGE ALBERTO,1,212,20:00-21:30,,20:00-21:30,20:00-21:30,
4CV3,MATEMATICAS AVANZADAS PARA LA INGENIERIA,MARTINEZ NUÑO JESUS ALFREDO,1,212,,18:30-20:00,18:30-20:00,,18:30-20:00
4CV3,DISEÑO DE SISTEMAS DIGITALES,VEGA GARCIA NAYELI,1,212,16:30-18:00,,16:30-18:00,16:30-18:00,
4CV3,ELECTRONICA ANALOGICA,MARTINEZ GUERRERO JOSE ALFREDO,1,212,18:30-20:00,16:30-18:00,,18:30-20:00,
4CV3,TECNOLOGIAS PARA DESARROLLO DE APLICACIONES WEB,MORALES GUITRON SANDRA LUZ,1,212,,15:00-16:30,15:00-16:30,,15:00-16:30
4CV3,SISTEMAS OPERATIVOS,RANGEL GONZALEZ JOSUE,1,212,13:30-15:00,13:30-15:00,,13:30-15:00,
4CV4,TEORIA DE LA COMPUTACION,LUNA BENOSO BENJAMIN,1,213,,15:00-16:30,15:00-16:30,,15:00-16:30
4CV4,PROBABILIDAD Y ESTADISTICA,MONTIEL SANCHEZ ANGEL SALVADOR,1,213,13:30-15:00,13:30-15:00,,13:30-15:00,
4CV4,MATEMATICAS AVANZADAS PARA LA INGENIERIA,MARTINEZ NUÑO JESUS ALFREDO,1,213,20:00-21:30,,20:00-21:30,20:00-21:30,
4CV4,DISEÑO DE SISTEMAS DIGITALES,LOPEZ LEYVA LUIS OCTAVIO,1,213,18:30-20:00,16:30-18:00,,18:30-20:00,
4CV4,ELECTRONICA ANALOGICA,SANTILLAN LUNA RAUL,1,213,,18:30-20:00,18:30-20:00,,18:30-20:00
4CV4,TECNOLOGIAS PARA DESARROLLO DE APLICACIONES WEB,LOPEZ RUIZ GABRIELA DE JESUS,1,213,16:30-18:00,,16:30-18:00,16:30-18:00,
4CV4,SISTEMAS OPERATIVOS,JIMENEZ BENITEZ JOSE ALFREDO,1,213,15:00-16:30,,,15:00-16:30,16:30-18:00
4CV5,DISEÑO DE SISTEMAS DIGITALES,JIMENEZ RUIZ RENE BALTAZAR,1,214,,18:30-20:00,18:30-20:00,,18:30-20:00
4CV5,ELECTRONICA ANALOGICA,SANTILLAN LUNA RAUL,1,214,20:00-21:30,,20:00-21:30,20:00-21:30,
4CV5,SISTEMAS OPERATIVOS,SALAS RAMIREZ ISRAEL,1,214,,15:00-16:30,15:00-16:30,,15:00-16:30
5CV1,COMPILADORES,RODRIGUEZ JORDAN GABRIEL DE JESUS,1,110,16:30-18:00,,16:30-18:00,16:30-18:00,
5CV1,PROCESAMIENTO DIGITAL DE SEÑALES,FLORES ESCOBAR JOSE ANTONIO,1,110,20:00-21:30,,20:00-21:30,20:00-21:30,
5CV1,ARQUITECTURA DE COMPUTADORAS,ALEMAN ARCE MIGUEL ANGEL,1,110,,15:00-16:30,15:00-16:30,,15:00-16:30
5CV1,INSTRUMENTACION Y CONTROL,HERNANDEZ AGUILAR JOSE LUIS,1,110,,18:30-20:00,18:30-20:00,,18:30-20:00
5CV1,ANALISIS Y DISEÑO DE SISTEMAS,SIN ASIGNAR,1,110,15:00-16:30,,,15:00-16:30,16:30-18:00
5CV1,FORMULACION Y EVALUACION DE PROYECTOS INFORMATICOS,RODRIGUEZ ORDAZ MARISOL,1,110,18:30-20:00,16:30-18:30,,18:30-20:00,
5CV1,REDES DE COMPUTADORAS,SANCHEZ QUINTANILLA GILBERTO,1,110,13:30-15:00,13:30-15:00,,13:30-15:00,
5CV2,COMPILADORES,RODRIGUEZ JORDAN GABRIEL DE JESUS,1,111,18:30-20:00,16:30-18:00,,18:30-20:00,
5CV2,PROCESAMIENTO DIGITAL DE SEÑALES,PUEBLA LOMAS JAIME HUGO,1,111,13:30-15:00,13:30-15:00,,13:30-15:00,
5CV2,ARQUITECTURA DE COMPUTADORAS,MORALES CRUZ JUAN CARLOS,1,111,16:30-18:00,,16:30-18:00,16:30-18:00,
5CV2,INSTRUMENTACION Y CONTROL,HERNANDEZ AGUILAR JOSE LUIS,1,111,20:00-21:30,,20:00-21:30,20:00-21:30,
5CV2,ANALISIS Y DISEÑO DE SISTEMAS,SALINAS LUGO SERGIO,1,111,,18:30-20:00,18:30-20:00,,18:30-20:00
5CV2,FORMULACION Y EVALUACION DE PROYECTOS INFORMATICOS,PALACIOS SOLANO ROCIO,1,111,,15:00-16:30,15:00-16:30,,15:00-16:30
5CV2,REDES DE COMPUTADORAS,PUEBLA LOMAS JAIME HUGO,1,111,15:00-16:30,,,15:00-16:30,16:30-18:00
5CV3,COMPILADORES,RODRIGUEZ JORDAN GABRIEL DE JESUS,1,112,,18:30-20:00,18:30-20:00,,18:30-20:00
5CV3,PROCESAMIENTO DIGITAL DE SEÑALES,MORALES RODRIGUEZ URSULA SAMANTHA,1,112,15:00-16:30,,,15:00-16:30,16:30-18:00
5CV3,ARQUITECTURA DE COMPUTADORAS,MORALES RODRIGUEZ URSULA SAMANTHA,1,112,18:30-20:00,16:30-18:00,,18:30-20:00,
5CV3,INSTRUMENTACION Y CONTROL,ROCHA BERNABE ROSARIO,1,112,13:30-15:00,13:30-15:00,,13:30-15:00,
5CV3,ANALISIS Y DISEÑO DE SISTEMAS,BLANCO ALMAZAN IVAN EDUARDO,1,112,16:30-18:00,,16:30-18:00,16:30-18:00,
5CV3,FORMULACION Y EVALUACION DE PROYECTOS INFORMATICOS,RODRIGUEZ ORDAZ MARISOL,1,112,20:00-21:30,,20:00-21:30,20:00-21:30,
5CV3,REDES DE COMPUTADORAS,HENESTROSA CARRASCO LETICIA,1,112,,15:00-16:30,15:00-16:30,,15:00-16:30
6CV1,INTELIGENCIA ARTIFICIAL,LOPEZ RUIZ GABRIELA DE JESUS,1,113,,15:00-16:30,15:00-16:30,,15:00-16:30
6CV1,SISTEMAS EN CHIP,JIMENEZ RUIZ RENE BALTAZAR,1,113,13:30-15:00,13:30-15:00,,13:30-15:00,
6CV1,METODOS CUANTITATIVOS PARA LA TOMA DE DECISIONES,MEDINA MEJIA VIRGINIA,1,113,18:30-20:00,16:30-18:00,,18:30-20:00,
6CV1,INTERNET DE LAS COSAS|EMBEDDED SYSTEMS,FLORES ESCOBAR JOSE ANTONIO,1,113,,18:30-20:00,18:30-20:00,,18:30-20:00
6CV1,GOBIERNO DE TI|COMPUTER SECURITY,SIN ASIGNAR,1,113,20:00-21:30,,20:00-21:30,20:00-21:30,
6CV1,INGENIERIA DE SOFTWARE,GONZALEZ RAMIREZ MARKO ALFONSO,1,113,16:30-18:00,,16:30-18:00,16:30-18:00,
6CV1,APLICACIONES PARA COMUNICACIONES EN RED,RANGEL GONZALEZ JOSUE,1,113,15:00-16:30,,,15:00-16:30,16:30-18:00
6CV2,INTELIGENCIA ARTIFICIAL,CATALAN SALGADO EDGAR ARMANDO,1,114,16:30-18:00,,16:30-18:00,16:30-18:00,
6CV2,SISTEMAS EN CHIP,JIMENEZ RUIZ RENE BALTAZAR,1,114,15:00-16:30,,,15:00-16:30,16:30-18:30
6CV2,METODOS CUANTITATIVOS PARA LA TOMA DE DECISIONES,MEDINA MEJIA VIRGINIA,1,114,,18:30-20:00,18:30-20:00,,18:30-20:00
6CV2,PROC. DE LENG. NAT|MACHINE LEARNING,SIN ASIGNAR,1,114,20:00-21:30,,20:00-21:30,20:00-21:30,
6CV2,COMPUTACION GRAFICA|COMPUTER GRAPHICS,ROSAS TRIGUEROS JORGE LUIS,1,114,13:30-15:00,13:30-15:00,,13:30-15:00,
6CV2,INGENIERIA DE SOFTWARE,GONZALEZ RAMIREZ MARKO ALFONSO,1,114,18:30-20:00,16:30-18:00,,18:30-20:00,
6CV2,APLICACIONES PARA COMUNICACIONES EN RED,RANGEL GONZALEZ JOSUE,1,114,,15:00-16:30,15:00-16:30,,15:00-16:30
7CV1,TRABAJO TERMINAL I,SIN ASIGNAR,X,X,20:00-21:30,,20:00-21:30,20:00-21:30,
7CV1,SISTEMAS DISTRIBUIDOS,CRUZ TORRES BENJAMIN,1,7,16:30-18:00,,16:30-18:00,16:30-18:00,
7CV1,DES. DE APLIC|WEB CLIENT AND BACKEND DEVELOPMEN FRAMEWORKS,VELEZ SALDAÑA ULISES,1,7,13:30-15:00,13:30-15:00,,13:30-15:00,
7CV1,DESARROLLO DE APLICACIONES MOVILES NATIVAS,VELEZ SALDAÑA ULISES,1,7,,15:00-16:30,15:00-16:30,,15:00-16:30
7CV1,ADMINISTRACION DE SERVICIOS EN RED,HENESTROSA CARRASCO LETICIA,1,7,15:00-16:30,,,15:00-16:30,16:30-18:00